booking_id,accm_txn_complete_time
1,2026-04-07 13:50:28.673
2,2026-04-04 23:50:28.673
3,2026-04-06 15:50:28.673
4,2026-04-08 16:50:28.673
5,2026-04-09 12:50:28.673
6,2026-04-09 20:50:28.673
7,2026-04-05 08:50:28.673
8,2026-04-05 21:50:28.673
9,2026-04-08 02:50:28.673
10,2026-04-09 21:50:28.673
13,2026-04-08 02:50:28.673
14,2026-04-09 00:50:28.673
15,2026-04-04 23:50:28.673
16,2026-04-06 20:50:28.673
19,2026-04-09 09:50:28.673
20,2026-04-05 10:50:28.673
21,2026-04-07 06:50:28.673
23,2026-04-08 23:50:28.673
25,2026-04-06 03:50:28.673
26,2026-04-05 14:50:28.673
27,2026-04-07 14:50:28.673
33,2026-04-06 17:50:28.673
34,2026-04-09 01:50:28.673
35,2026-04-08 21:50:28.673
36,2026-04-08 01:50:28.673
37,2026-04-06 04:50:28.673
39,2026-04-08 05:50:28.673
41,2026-04-07 04:50:28.673
42,2026-04-09 20:50:28.673
44,2026-04-08 15:50:28.673
45,2026-04-06 00:50:28.673
46,2026-04-09 11:50:28.673
47,2026-04-08 09:50:28.673
48,2026-04-08 04:50:28.673
49,2026-04-07 00:50:28.673
50,2026-04-05 01:50:28.673
51,2026-04-09 20:50:28.673
52,2026-04-08 04:50:28.673
53,2026-04-07 22:50:28.673
54,2026-04-06 23:50:28.673
55,2026-04-08 16:50:28.673
58,2026-04-08 01:50:28.673
59,2026-04-09 14:50:28.673
61,2026-04-05 20:50:28.673
62,2026-04-08 21:50:28.673
63,2026-04-06 19:50:28.673
66,2026-04-07 03:50:28.673
67,2026-04-05 05:50:28.673
69,2026-04-06 21:50:28.673
70,2026-04-06 01:50:28.673
71,2026-04-06 00:50:28.673
72,2026-04-05 05:50:28.673
73,2026-04-08 12:50:28.673
74,2026-04-05 01:50:28.673
75,2026-04-05 12:50:28.673
76,2026-04-05 08:50:28.673
78,2026-04-08 09:50:28.673
80,2026-04-06 03:50:28.673
81,2026-04-08 05:50:28.673
82,2026-04-06 14:50:28.673
83,2026-04-06 09:50:28.673
84,2026-04-05 04:50:28.673
85,2026-04-09 12:50:28.673
86,2026-04-05 02:50:28.673
87,2026-04-05 06:50:28.673
88,2026-04-06 16:50:28.673
90,2026-04-09 08:50:28.673
92,2026-04-06 10:50:28.673
93,2026-04-07 20:50:28.673
94,2026-04-06 22:50:28.673
96,2026-04-07 17:50:28.673
97,2026-04-08 06:50:28.673
98,2026-04-06 18:50:28.673
99,2026-04-06 11:50:28.673
100,2026-04-05 19:50:28.673
101,2026-04-05 03:50:28.673
102,2026-04-05 19:50:28.673
103,2026-04-05 03:50:28.673
104,2026-04-05 14:50:28.673
106,2026-04-05 21:50:28.673
107,2026-04-08 04:50:28.673
108,2026-04-05 07:50:28.673
109,2026-04-06 23:50:28.673
113,2026-04-09 16:50:28.673
114,2026-04-05 08:50:28.673
115,2026-04-08 15:50:28.673
116,2026-04-07 14:50:28.673
117,2026-04-06 04:50:28.673
118,2026-04-05 12:50:28.673
120,2026-04-09 11:50:28.673
124,2026-04-06 16:50:28.673
125,2026-04-07 05:50:28.673
126,2026-04-06 01:50:28.673
127,2026-04-07 10:50:28.673
128,2026-04-09 21:50:28.673
129,2026-04-09 16:50:28.673
130,2026-04-08 03:50:28.673
131,2026-04-05 00:50:28.673
132,2026-04-08 22:50:28.673
133,2026-04-09 10:50:28.673
134,2026-04-05 17:50:28.673
135,2026-04-06 00:50:28.673
136,2026-04-07 18:50:28.673
137,2026-04-06 02:50:28.673
138,2026-04-08 02:50:28.673
139,2026-04-08 17:50:28.673
140,2026-04-08 13:50:28.673
141,2026-04-07 19:50:28.673
142,2026-04-06 18:50:28.673
145,2026-04-07 20:50:28.673
146,2026-04-07 09:50:28.673
147,2026-04-06 05:50:28.673
148,2026-04-07 05:50:28.673
149,2026-04-06 04:50:28.673
150,2026-04-09 11:50:28.673
151,2026-04-07 02:50:28.673
153,2026-04-05 18:50:28.673
155,2026-04-06 06:50:28.673
157,2026-04-09 13:50:28.673
158,2026-04-09 02:50:28.673
161,2026-04-09 00:50:28.673
163,2026-04-05 16:50:28.673
165,2026-04-05 22:50:28.673
166,2026-04-05 21:50:28.673
167,2026-04-05 10:50:28.673
169,2026-04-08 23:50:28.673
171,2026-04-09 12:50:28.673
174,2026-04-08 14:50:28.673
175,2026-04-05 17:50:28.673
176,2026-04-09 02:50:28.673
177,2026-04-06 07:50:28.673
178,2026-04-05 12:50:28.673
179,2026-04-07 02:50:28.673
180,2026-04-08 02:50:28.673
182,2026-04-08 18:50:28.673
183,2026-04-07 00:50:28.673
185,2026-04-05 03:50:28.673
186,2026-04-09 12:50:28.673
187,2026-04-06 11:50:28.673
188,2026-04-07 05:50:28.673
189,2026-04-07 13:50:28.673
190,2026-04-08 14:50:28.673
191,2026-04-08 01:50:28.673
192,2026-04-09 21:50:28.673
194,2026-04-06 10:50:28.673
195,2026-04-09 13:50:28.673
197,2026-04-05 21:50:28.673
198,2026-04-06 12:50:28.673
199,2026-04-09 14:50:28.673
200,2026-04-08 19:50:28.673
201,2026-04-09 14:50:28.673
202,2026-04-09 09:50:28.673
203,2026-04-09 20:50:28.673
204,2026-04-09 18:50:28.673
207,2026-04-06 06:50:28.673
208,2026-04-07 00:50:28.673
209,2026-04-06 19:50:28.673
210,2026-04-09 17:50:28.673
212,2026-04-07 17:50:28.673
213,2026-04-05 12:50:28.673
214,2026-04-07 18:50:28.673
215,2026-04-09 17:50:28.673
216,2026-04-07 22:50:28.673
217,2026-04-09 00:50:28.673
218,2026-04-07 23:50:28.673
219,2026-04-06 18:50:28.673
220,2026-04-07 23:50:28.673
221,2026-04-06 17:50:28.673
222,2026-04-06 13:50:28.673
225,2026-04-08 10:50:28.673
226,2026-04-06 04:50:28.673
227,2026-04-06 04:50:28.673
228,2026-04-06 12:50:28.673
229,2026-04-06 00:50:28.673
230,2026-04-05 06:50:28.673
231,2026-04-06 17:50:28.673
232,2026-04-08 23:50:28.673
233,2026-04-08 08:50:28.673
234,2026-04-08 03:50:28.673
235,2026-04-09 07:50:28.673
236,2026-04-07 12:50:28.673
238,2026-04-05 13:50:28.673
243,2026-04-06 08:50:28.673
244,2026-04-05 09:50:28.673
245,2026-04-07 05:50:28.673
246,2026-04-09 11:50:28.673
248,2026-04-08 10:50:28.673
249,2026-04-06 06:50:28.673
250,2026-04-08 03:50:28.673
251,2026-04-07 02:50:28.673
252,2026-04-07 07:50:28.673
253,2026-04-09 10:50:28.673
255,2026-04-06 00:50:28.673
256,2026-04-06 21:50:28.673
257,2026-04-09 05:50:28.673
258,2026-04-09 20:50:28.673
260,2026-04-06 23:50:28.673
261,2026-04-08 18:50:28.673
262,2026-04-09 05:50:28.673
263,2026-04-05 01:50:28.673
264,2026-04-06 13:50:28.673
265,2026-04-09 21:50:28.673
266,2026-04-07 08:50:28.673
267,2026-04-08 15:50:28.673
268,2026-04-08 15:50:28.673
270,2026-04-05 05:50:28.673
271,2026-04-09 13:50:28.673
272,2026-04-08 09:50:28.673
273,2026-04-05 01:50:28.673
274,2026-04-08 03:50:28.673
276,2026-04-06 12:50:28.673
277,2026-04-07 09:50:28.673
278,2026-04-06 14:50:28.673
279,2026-04-06 22:50:28.673
280,2026-04-07 07:50:28.673
281,2026-04-05 03:50:28.673
282,2026-04-08 04:50:28.673
283,2026-04-08 17:50:28.673
284,2026-04-05 11:50:28.673
285,2026-04-04 22:50:28.673
286,2026-04-09 16:50:28.673
287,2026-04-08 12:50:28.673
288,2026-04-09 19:50:28.673
289,2026-04-09 11:50:28.673
290,2026-04-05 06:50:28.673
291,2026-04-06 02:50:28.673
292,2026-04-08 02:50:28.673
293,2026-04-06 07:50:28.673
294,2026-04-08 07:50:28.673
295,2026-04-08 14:50:28.673
296,2026-04-09 14:50:28.673
297,2026-04-06 09:50:28.673
298,2026-04-05 11:50:28.673
299,2026-04-07 08:50:28.673
302,2026-04-05 06:50:28.673
303,2026-04-04 22:50:28.673
304,2026-04-09 17:50:28.673
305,2026-04-09 18:50:28.673
306,2026-04-05 15:50:28.673
307,2026-04-08 11:50:28.673
309,2026-04-08 20:50:28.673
311,2026-04-07 03:50:28.673
312,2026-04-06 19:50:28.673
313,2026-04-07 06:50:28.673
315,2026-04-07 04:50:28.673
316,2026-04-07 18:50:28.673
317,2026-04-09 05:50:28.673
319,2026-04-09 00:50:28.673
320,2026-04-06 02:50:28.673
321,2026-04-09 13:50:28.673
322,2026-04-08 01:50:28.673
323,2026-04-06 15:50:28.673
324,2026-04-07 19:50:28.673
325,2026-04-09 00:50:28.673
326,2026-04-08 07:50:28.673
330,2026-04-05 20:50:28.673
331,2026-04-07 20:50:28.673
333,2026-04-09 02:50:28.673
334,2026-04-09 16:50:28.673
335,2026-04-05 23:50:28.673
337,2026-04-08 02:50:28.673
338,2026-04-05 15:50:28.673
339,2026-04-05 19:50:28.673
341,2026-04-09 05:50:28.673
344,2026-04-08 04:50:28.673
347,2026-04-05 09:50:28.673
348,2026-04-07 09:50:28.673
349,2026-04-07 10:50:28.673
350,2026-04-08 13:50:28.673
353,2026-04-07 20:50:28.673
354,2026-04-09 10:50:28.673
355,2026-04-06 18:50:28.673
356,2026-04-09 07:50:28.673
357,2026-04-06 00:50:28.673
358,2026-04-08 02:50:28.673
359,2026-04-09 14:50:28.673
361,2026-04-08 03:50:28.673
362,2026-04-08 05:50:28.673
363,2026-04-05 12:50:28.673
364,2026-04-05 08:50:28.673
365,2026-04-09 15:50:28.673
366,2026-04-08 17:50:28.673
367,2026-04-09 01:50:28.673
368,2026-04-07 15:50:28.673
370,2026-04-06 07:50:28.673
371,2026-04-08 07:50:28.673
372,2026-04-05 12:50:28.673
373,2026-04-09 03:50:28.673
374,2026-04-05 21:50:28.673
376,2026-04-08 06:50:28.673
377,2026-04-07 10:50:28.673
378,2026-04-07 02:50:28.673
379,2026-04-05 17:50:28.673
380,2026-04-08 15:50:28.673
381,2026-04-08 11:50:28.673
383,2026-04-07 00:50:28.673
384,2026-04-05 04:50:28.673
386,2026-04-06 22:50:28.673
387,2026-04-05 13:50:28.673
388,2026-04-05 02:50:28.673
390,2026-04-05 02:50:28.673
391,2026-04-09 08:50:28.673
393,2026-04-09 18:50:28.673
394,2026-04-09 18:50:28.673
395,2026-04-07 06:50:28.673
396,2026-04-05 02:50:28.673
399,2026-04-06 15:50:28.673
400,2026-04-09 10:50:28.673
402,2026-04-09 07:50:28.673
404,2026-04-05 08:50:28.673
405,2026-04-06 01:50:28.673
406,2026-04-08 08:50:28.673
407,2026-04-09 18:50:28.673
408,2026-04-05 04:50:28.673
409,2026-04-08 22:50:28.673
410,2026-04-06 21:50:28.673
411,2026-04-09 17:50:28.673
412,2026-04-07 03:50:28.673
413,2026-04-07 16:50:28.673
414,2026-04-07 06:50:28.673
415,2026-04-09 04:50:28.673
416,2026-04-05 18:50:28.673
417,2026-04-05 05:50:28.673
418,2026-04-05 11:50:28.673
419,2026-04-05 16:50:28.673
420,2026-04-07 20:50:28.673
422,2026-04-09 03:50:28.673
423,2026-04-09 16:50:28.673
424,2026-04-09 00:50:28.673
425,2026-04-06 15:50:28.673
426,2026-04-07 17:50:28.673
427,2026-04-06 16:50:28.673
428,2026-04-09 01:50:28.673
429,2026-04-05 04:50:28.673
430,2026-04-07 19:50:28.673
431,2026-04-07 00:50:28.673
433,2026-04-08 11:50:28.673
434,2026-04-07 01:50:28.673
435,2026-04-06 17:50:28.673
437,2026-04-06 15:50:28.673
438,2026-04-06 01:50:28.673
440,2026-04-05 01:50:28.673
441,2026-04-09 20:50:28.673
442,2026-04-06 12:50:28.673
443,2026-04-07 03:50:28.673
445,2026-04-04 22:50:28.673
447,2026-04-07 09:50:28.673
448,2026-04-09 02:50:28.673
449,2026-04-08 22:50:28.673
450,2026-04-06 21:50:28.673
452,2026-04-07 15:50:28.673
453,2026-04-06 18:50:28.673
454,2026-04-06 09:50:28.673
455,2026-04-09 05:50:28.673
456,2026-04-08 03:50:28.673
458,2026-04-05 02:50:28.673
459,2026-04-06 20:50:28.673
460,2026-04-05 21:50:28.673
461,2026-04-06 19:50:28.673
464,2026-04-07 12:50:28.673
465,2026-04-08 10:50:28.673
467,2026-04-07 07:50:28.673
468,2026-04-07 15:50:28.673
469,2026-04-07 09:50:28.673
470,2026-04-05 11:50:28.673
472,2026-04-07 22:50:28.673
473,2026-04-09 18:50:28.673
474,2026-04-09 00:50:28.673
475,2026-04-06 17:50:28.673
476,2026-04-08 13:50:28.673
477,2026-04-08 03:50:28.673
479,2026-04-09 00:50:28.673
481,2026-04-07 22:50:28.673
482,2026-04-05 15:50:28.673
483,2026-04-09 17:50:28.673
484,2026-04-05 22:50:28.673
485,2026-04-08 13:50:28.673
486,2026-04-07 13:50:28.673
491,2026-04-06 12:50:28.673
492,2026-04-05 19:50:28.673
493,2026-04-09 10:50:28.673
494,2026-04-04 22:50:28.673
495,2026-04-06 20:50:28.673
496,2026-04-09 16:50:28.673
497,2026-04-09 13:50:28.673
498,2026-04-09 21:50:28.673
499,2026-04-05 23:50:28.673
500,2026-04-07 09:50:28.673
501,2026-04-07 08:50:28.673
502,2026-04-09 06:50:28.673
503,2026-04-06 03:50:28.673
504,2026-04-05 02:50:28.673
505,2026-04-05 16:50:28.673
506,2026-04-08 16:50:28.673
507,2026-04-08 03:50:28.673
508,2026-04-04 23:50:28.673
509,2026-04-09 08:50:28.673
510,2026-04-09 17:50:28.673
511,2026-04-08 02:50:28.673
513,2026-04-08 03:50:28.673
514,2026-04-06 04:50:28.673
515,2026-04-05 17:50:28.673
516,2026-04-09 01:50:28.673
517,2026-04-06 11:50:28.673
518,2026-04-08 02:50:28.673
519,2026-04-08 07:50:28.673
521,2026-04-09 00:50:28.673
522,2026-04-08 08:50:28.673
523,2026-04-06 20:50:28.673
524,2026-04-08 11:50:28.673
525,2026-04-08 04:50:28.673
527,2026-04-07 10:50:28.673
528,2026-04-08 20:50:28.673
530,2026-04-05 08:50:28.673
531,2026-04-05 23:50:28.673
532,2026-04-06 12:50:28.673
533,2026-04-08 10:50:28.673
534,2026-04-06 19:50:28.673
535,2026-04-06 02:50:28.673
536,2026-04-07 21:50:28.673
538,2026-04-07 05:50:28.673
540,2026-04-07 12:50:28.673
541,2026-04-08 23:50:28.673
542,2026-04-09 21:50:28.673
543,2026-04-07 14:50:28.673
544,2026-04-09 04:50:28.673
546,2026-04-08 15:50:28.673
547,2026-04-05 18:50:28.673
548,2026-04-09 20:50:28.673
549,2026-04-07 17:50:28.673
550,2026-04-08 03:50:28.673
551,2026-04-05 22:50:28.673
552,2026-04-08 07:50:28.673
554,2026-04-05 21:50:28.673
555,2026-04-08 03:50:28.673
556,2026-04-09 20:50:28.673
558,2026-04-05 22:50:28.673
559,2026-04-05 01:50:28.673
561,2026-04-08 01:50:28.673
562,2026-04-05 08:50:28.673
563,2026-04-08 00:50:28.673
566,2026-04-09 03:50:28.673
567,2026-04-09 03:50:28.673
568,2026-04-06 11:50:28.673
569,2026-04-06 04:50:28.673
570,2026-04-06 01:50:28.673
571,2026-04-05 20:50:28.673
572,2026-04-07 04:50:28.673
573,2026-04-09 20:50:28.673
574,2026-04-08 02:50:28.673
575,2026-04-07 14:50:28.673
576,2026-04-07 18:50:28.673
577,2026-04-08 05:50:28.673
578,2026-04-05 18:50:28.673
579,2026-04-05 22:50:28.673
580,2026-04-07 03:50:28.673
581,2026-04-06 16:50:28.673
582,2026-04-09 13:50:28.673
584,2026-04-07 18:50:28.673
585,2026-04-08 10:50:28.673
586,2026-04-08 15:50:28.673
587,2026-04-06 17:50:28.673
588,2026-04-09 15:50:28.673
589,2026-04-09 21:50:28.673
590,2026-04-06 19:50:28.673
591,2026-04-09 10:50:28.673
592,2026-04-05 07:50:28.673
593,2026-04-05 12:50:28.673
594,2026-04-09 19:50:28.673
596,2026-04-09 17:50:28.673
597,2026-04-09 06:50:28.673
598,2026-04-07 21:50:28.673
599,2026-04-08 05:50:28.673
602,2026-04-08 09:50:28.673
603,2026-04-08 21:50:28.673
604,2026-04-08 21:50:28.673
605,2026-04-08 09:50:28.673
608,2026-04-05 21:50:28.673
611,2026-04-08 05:50:28.673
612,2026-04-06 21:50:28.673
613,2026-04-09 14:50:28.673
614,2026-04-05 09:50:28.673
615,2026-04-06 17:50:28.673
616,2026-04-05 01:50:28.673
617,2026-04-09 21:50:28.673
618,2026-04-04 22:50:28.673
619,2026-04-07 18:50:28.673
620,2026-04-06 10:50:28.673
622,2026-04-06 06:50:28.673
624,2026-04-08 13:50:28.673
625,2026-04-09 16:50:28.673
626,2026-04-08 17:50:28.673
627,2026-04-07 21:50:28.673
628,2026-04-06 06:50:28.673
629,2026-04-09 12:50:28.673
632,2026-04-05 07:50:28.673
633,2026-04-09 18:50:28.673
634,2026-04-07 17:50:28.673
635,2026-04-09 12:50:28.673
637,2026-04-07 02:50:28.673
